# run=20260930_185440,timestamp=1790787280,balls=3,catches=26,sampleRate=25,units=milli_g,source=watch,countMode=watch_hand,detectedAtCapture=31,juggler=Jonas Umlauft,hand=left,firstThrow=right,regularity=medium-messy
x,y,z
52,132,-1060
36,120,-1040
20,44,-984
28,80,-984
16,64,-960
8,60,-928
48,80,-940
48,92,-996
52,60,-1000
56,60,-980
84,108,-1016
104,100,-1036
124,80,-988
156,80,-988
176,68,-1016
296,-48,-388
120,352,-1228
124,132,-1004
452,276,-964
292,196,-1272
-212,-292,-940
-252,32,-744
-188,-32,-900
-284,-100,-1004
-160,28,-892
292,180,-772
320,104,-1128
220,160,-964
128,104,-960
116,132,-952
124,108,-956
124,124,-948
128,128,-956
180,108,-920
188,56,-852
268,12,-808
324,-124,-680
432,-188,-588
568,44,-468
620,660,-316
608,1284,44
248,1752,436
24,1396,572
24,1152,216
168,836,36
276,864,188
348,1096,228
492,1084,176
516,1344,520
476,1468,652
644,1340,352
612,1248,512
528,1408,612
452,1428,576
344,1552,712
264,1400,620
256,1148,536
208,720,368
60,388,280
-116,-80,292
-272,-424,532
-240,-628,504
-160,-332,436
40,100,444
308,556,880
496,1284,1104
412,1540,992
176,1820,1516
-24,2300,1728
20,2500,1656
156,2596,1964
516,2448,1836
680,1756,556
408,1720,896
684,-256,188
288,84,-168
-196,-288,296
-472,-64,244
-524,224,24
-520,104,260
-364,-20,820
-140,-164,-364
-664,192,404
-272,-328,-600
-136,56,-140
116,260,88
276,588,808
288,968,1188
176,1152,1348
184,1652,1500
168,1984,1780
112,2160,1628
68,2316,1500
244,2320,2020
1040,2332,2184
1192,1812,692
-84,1748,1228
312,-160,-388
-268,-648,-28
-464,-312,-16
-392,-84,20
-192,212,572
-440,152,1396
216,8,-224
-116,568,1180
-280,232,344
-412,120,20
-456,60,-116
-616,92,-216
-712,44,-224
-760,180,-380
-636,212,-348
-400,280,-220
-168,444,-132
-20,812,20
76,748,492
408,1172,964
488,1188,880
696,1200,1152
824,1292,1188
848,1496,1392
632,1488,1424
516,1580,1064
324,1808,1484
416,1984,1704
824,2168,1948
1276,1968,1296
984,1172,100
344,1500,912
524,-464,280
112,20,-212
-140,-120,196
-380,260,516
-412,144,412
-428,360,1196
320,-96,-296
-1120,564,1052
-516,-608,-456
-888,-572,-464
-664,-516,-576
-448,-328,-292
-284,-104,4
-96,184,160
132,700,332
272,896,540
504,1024,1100
500,1220,1256
616,1348,1084
632,1644,1312
620,1752,1344
736,1568,1072
708,1500,932
524,1216,764
376,1064,716
220,1144,1016
220,1352,1372
516,1448,1436
668,1348,952
468,892,300
12,1020,1000
424,-448,-184
-240,124,168
-672,256,280
-708,236,260
-320,-436,24
-548,-64,56
-868,252,300
-408,-212,-416
-480,-52,-264
-256,84,-84
-124,560,308
-160,904,840
128,852,1380
-148,1560,1504
-420,1888,2044
-280,2312,2256
200,2564,2224
436,1892,844
228,1512,324
172,212,480
-20,-68,-256
-152,68,-396
-388,-248,-76
-528,-80,172
-312,36,200
-256,304,1040
68,-368,972
-364,284,788
-384,-392,160
-260,-80,84
-104,344,276
-16,892,764
160,1628,1340
-316,2284,1676
-508,2608,2136
4,2400,2328
472,2388,1316
440,1676,-4
128,1184,304
40,-272,-244
-184,-380,-392
-236,52,-88
-220,260,856
-160,-8,1152
-112,-560,1012
460,-28,372
4,320,404
208,248,432
232,984,768
328,1240,916
60,1668,1500
-484,2500,1996
-176,2844,2588
396,3156,2868
628,2036,928
168,1632,260
244,-304,372
212,-36,-260
-228,424,732
-364,236,752
-496,68,616
20,-28,-552
-896,24,440
-588,-124,-308
-916,-44,-236
-920,48,-344
-952,172,-324
-960,148,-220
-880,156,-276
-844,144,-248
-736,20,-208
-592,-32,-208
-436,-72,-68
-396,-188,-20
-272,28,24
-236,180,268
-128,276,472
248,676,508
392,1016,804
488,1228,1148
344,1592,1404
244,1840,1384
200,1984,1484
48,2140,1572
0,2228,1720
376,2404,2260
928,2108,1500
752,1532,608
672,880,624
344,272,456
-64,140,156
-144,124,-48
-400,44,356
-420,-72,300
-488,-276,436
84,-612,76
-680,36,220
-844,-320,48
-452,-292,-532
-508,-124,-312
-408,68,32
-212,200,44
-68,524,180
168,664,620
208,1044,948
232,1144,1104
316,1408,1328
96,2176,1748
-4,2376,1856
0,2468,1892
316,2504,2096
912,2108,1796
848,1448,208
256,1032,344
184,-892,-592
-152,-472,-848
-180,-372,-100
-32,484,796
304,648,2120
260,-444,1580
-260,404,900
-716,-108,92
-632,-212,-200
-604,-84,-144
-408,192,-48
-320,584,84
-176,1028,28
-40,932,124
148,992,292
208,860,700
388,948,812
524,1072,864
560,1188,1128
608,1384,1100
612,1456,1212
536,1404,1084
316,1692,1268
212,1940,1536
464,2188,1772
1200,2424,2176
1864,2132,1788
1360,1472,448
484,460,792
516,-476,-628
164,-176,300
240,244,472
-24,120,708
-244,404,804
-352,680,1052
-732,156,996
-84,-192,-188
-788,336,336
-648,-24,-280
-744,-76,-252
-808,-60,-240
-928,-112,-180
-864,-212,-216
-752,-192,-272
-576,-24,-204
-432,-168,-192
-212,16,-288
-32,320,-80
140,928,44
328,988,340
640,1164,920
604,1336,1276
468,1452,1584
376,1652,1652
212,1952,1812
176,2080,1772
424,2056,1788
852,2144,1988
1096,1716,912
800,1124,44
236,1324,1132
512,8,-244
188,116,-132
-300,68,600
-448,180,664
-464,92,788
-348,-396,568
-136,96,-224
-592,-188,-112
-292,-460,-468
-192,-288,-284
-56,-232,-8
84,260,388
236,1068,544
264,972,960
292,1572,1380
-88,1892,1612
-288,2252,2044
-68,2508,2292
308,2412,2116
404,1776,700
272,1348,-488
-268,1220,700
4,-568,-220
-240,608,-84
-164,180,480
-292,916,1136
-40,320,856
-244,-568,232
244,-380,-136
-428,-440,44
-144,-232,104
32,336,384
84,1180,836
32,1276,1372
-368,2244,1648
-468,2676,2220
8,2864,2084
340,2372,924
312,1628,-156
-76,1148,736
-104,-252,60
-376,44,-152
-356,28,-124
-412,100,460
-204,-32,420
-148,-80,508
432,-608,208
88,340,200
212,188,148
320,656,532
416,1200,880
172,1588,1596
-396,2356,2216
-668,2628,2424
-8,2676,2384
404,2256,1412
444,1464,-84
136,1272,856
508,-564,-524
136,148,-336
-448,464,620
-684,524,568
-580,-136,632
-28,-492,68
-984,-216,932
-272,-548,-108
-328,-276,-40
-228,-192,104
-56,68,172
124,284,400
472,992,460
632,1064,660
624,1288,1228
548,1396,1348
532,1612,1148
388,1832,1492
264,1932,1612
196,2108,1528
236,2192,1636
748,2232,2040
1304,1948,1464
960,1284,48
16,1492,1192
428,-676,-512
-20,-212,-736
-284,-340,272
-128,-248,396
28,580,1016
144,488,1756
-60,164,796
-576,512,632
-616,-180,16
-620,-260,-192
-540,-264,-208
-620,-304,76
-348,-228,68
-20,84,-32
416,856,-416
504,1112,-156
788,1428,108
712,1376,716
628,1736,1556
416,1816,1532
348,1764,1292
160,2032,1336
244,1964,1312
432,2060,1808
868,1976,1968
948,1552,784
496,1172,504
340,564,716
328,92,236
28,64,136
-188,124,88
-408,124,100
-476,68,-44
-536,288,188
-668,40,388
-36,-224,-604
-1000,-8,-264
-704,-196,-664
-556,-128,-432
-380,-108,-48
-100,44,140
0,324,452
120,692,836
232,844,1188
148,1200,1352
24,1544,1484
-172,1932,1764
-160,2100,1888
80,2184,1904
468,2152,1660
612,1568,488
216,1640,-60
-80,-76,264
-204,-4,-476
-272,112,-288
-404,224,272
-436,468,560
-200,416,564
48,156,612
180,296,760
220,224,288
24,172,168
68,136,116
116,552,316
112,1024,644
-8,1612,1104
-352,2136,1664
-236,2484,1924
180,2800,2008
408,2156,1160
328,1292,136
132,884,360
120,-236,148
-172,204,132
-496,448,364
-540,-32,404
-204,-904,-352
-240,304,96
-344,-76,100
-44,156,88
52,472,480
216,844,1080
428,904,1472
420,1396,1352
232,1620,1584
-40,1968,1876
92,2032,1964
432,2236,2128
788,1820,1352
644,1144,100
172,1168,928
392,-652,-284
-116,220,-184
-524,180,416
-412,184,804
124,-428,384
-732,56,488
-588,-364,-76
-568,-380,-296
-476,-224,-172
-304,0,-32
-196,68,184
84,632,260
304,1016,280
496,1020,896
576,1112,1316
628,1396,1064
504,1640,1336
252,1880,1804
184,2096,1692
284,2204,1836
704,2328,2220
1056,2124,1312
904,1664,296
560,1264,1208
700,-484,-136
168,72,-68
-132,-432,-136
-500,-204,356
-588,-300,164
-664,176,120
-672,404,708
-252,204,1216
-624,608,608
-864,400,296
-396,-148,-480
-436,-8,-420
-428,-236,-136
-392,-48,-44
-216,240,-88
-64,508,216
88,656,512
620,856,772
496,1136,1108
624,1244,1336
796,1340,1364
780,1676,1432
556,1896,1468
364,2092,1468
312,2120,1520
448,2124,1768
1144,2220,2092
1668,1816,1608
1132,1568,728
972,664,960
676,228,452
432,16,148
132,-400,60
-152,-184,144
-336,-268,72
-556,8,-132
-568,-52,-120
-592,-412,664
-420,388,104
-1308,92,716
-1012,-304,-224
-988,-180,-348
-876,-376,-80
-624,-272,-24
-444,-116,-48
-284,48,64
-56,216,172
-8,576,468
288,712,744
372,1332,1096
264,1464,1312
208,1928,1628
96,2124,2176
144,2004,2004
348,2028,1956
624,1812,1476
612,1280,132
164,1376,424
388,-292,-180
8,180,-304
-420,312,148
-360,144,516
-380,-396,840
192,-400,224
-696,264,736
-252,-300,88
-148,104,24
-84,404,272
16,516,736
356,1068,1184
52,1832,1472
-232,2164,1956
-256,2220,2320
112,2496,2136
300,1788,756
240,1292,-256
-120,252,644
-156,-600,-320
-332,192,-76
-508,404,1116
-48,-368,852
-360,900,540
-588,140,100
-492,-196,-212
-380,-116,-164
-304,-56,72
-160,304,344
92,712,556
336,952,1048
252,1312,1288
32,1616,1568
-44,1828,1792
84,1988,1700
276,2048,1956
624,1988,1804
616,1296,440
284,1120,28
40,404,472
-184,-60,232
-416,-260,-36
-584,28,-24
-684,184,716
-124,-168,560
-260,876,316
-716,312,476
-512,-152,-196
-516,-52,-264
-532,-72,-28
-440,32,128
-288,428,276
-156,736,292
216,620,772
296,1232,1452
328,1192,1360
224,1664,1444
8,1820,2064
28,1904,1948
300,1972,2100
644,1876,1820
684,1192,416
324,1396,792
664,-576,112
20,260,-288
-588,400,476
-448,356,672
-72,-552,116
-528,28,688
-800,-48,468
-736,-212,-60
-916,-104,-104
-924,24,-60
-880,268,-104
-876,472,-168
-804,572,-156
-824,612,-140
-760,508,-80
-644,696,100
-484,976,124
-304,824,56
-444,672,352
-244,1024,300
-172,872,320
-124,1088,388
-4,1240,516
88,1060,532
68,1000,384
64,792,356
144,716,280
336,740,300
588,696,340
852,796,444
1016,780,384
1112,712,340
1148,804,300
1132,760,232
1072,716,196
1060,680,140
1064,696,128
1084,768,156
884,684,132
732,552,68
840,516,60
1052,536,104
1156,504,184
1072,420,224
1076,504,196
1108,620,248
1140,744,332
1176,724,324
1088,792,236
1024,880,180
916,864,84
816,884,-40
808,872,-240
776,892,-368
736,780,-488
680,528,-584
564,408,-616
528,208,-704
452,64,-624
444,44,-716
424,24,-792
372,-32,-776
340,-76,-832
268,-88,-848
228,-96,-844
168,-160,-844
156,-164,-852
160,-184,-832
168,-232,-824
204,-220,-836
368,-232,-680
136,-308,-736
120,-200,-916
116,-272,-1008
168,-268,-964
92,-216,-1008
64,-40,-1016
76,-212,-920
100,-164,-976
60,-140,-1020
80,-128,-932
84,-156,-936
136,-176,-924
108,-188,-932
88,-184,-924
108,-220,-924
96,-224,-928
128,-240,-896
96,-288,-928
96,-300,-968
76,-288,-952
52,-296,-960
104,-356,-984
124,-360,-972
152,-324,-1024
116,-248,-976
152,-192,-912
172,-172,-900
236,-164,-916
256,-156,-928
268,-176,-932
288,-184,-904
272,-184,-908
224,-188,-908
184,-180,-868
188,-200,-884
184,-200,-900
184,-208,-884
204,-216,-920
216,-212,-948
212,-204,-960
220,-200,-920
184,-212,-900
160,-228,-912
164,-240,-880
196,-268,-884
188,-236,-908
172,-192,-928
188,-164,-952
172,-180,-944
152,-172,-956
148,-172,-948
156,-160,-960
140,-172,-964
160,-168,-956
140,-184,-964
124,-168,-968
128,-188,-956
120,-168,-960
120,-164,-988
120,-160,-960
104,-156,-964
100,-160,-964
104,-164,-964
96,-172,-968
88,-168,-972
80,-168,-960
92,-156,-968
88,-156,-972
96,-168,-964
92,-164,-956
88,-156,-952
84,-180,-960
100,-156,-948
80,-172,-948
76,-168,-932
