# balls=3,catches=40,detected=12,sampleRate=25,timestamp=1780510639
x,y,z
268,736,-792
284,600,-780
220,664,-828
220,412,-900
280,320,-844
268,476,-828
296,300,-872
352,340,-876
284,304,-860
292,292,-852
312,264,-832
292,216,-872
308,196,-900
364,192,-900
300,108,-920
324,64,-912
328,44,-888
324,-24,-916
340,-48,-936
412,-36,-928
420,-100,-964
412,-96,-936
440,-92,-852
388,-216,-820
344,-228,-780
348,-240,-756
360,-328,-744
360,-396,-772
392,-412,-728
436,-428,-708
452,-448,-704
472,-464,-668
456,-496,-644
448,-492,-616
420,-524,-576
396,-532,-544
372,-552,-536
376,-572,-536
420,-572,-528
428,-580,-552
432,-600,-552
444,-592,-548
432,-608,-528
416,-628,-504
416,-648,-496
400,-656,-496
384,-644,-488
356,-660,-512
444,-660,-604
288,-644,-564
300,-640,-504
296,-660,-500
240,-600,-572
324,-628,-604
344,-628,-664
384,-592,-692
240,-644,-692
248,-592,-720
228,-480,-812
264,-416,-860
352,-424,-888
484,-356,-964
620,-324,-1092
700,-320,-1220
716,-212,-1312
604,-36,-1344
424,212,-1196
180,588,-952
-48,500,-708
-248,236,-444
-356,276,-252
-460,232,-120
-484,-112,-16
-448,-176,0
-328,-40,56
-192,44,176
64,340,272
468,1216,308
416,1532,464
408,1484,872
300,1876,1192
208,2152,1264
116,2268,1364
216,2224,1588
616,2108,1732
616,1412,648
-16,1168,504
-200,-292,456
-64,-204,-252
-264,-528,228
-348,244,564
-452,780,688
-128,804,312
-132,960,52
-648,252,496
-424,-12,-32
-256,8,-36
-172,124,120
0,376,368
180,668,756
304,988,1060
168,1216,1308
52,1404,1540
28,2036,1592
72,2316,1708
280,2356,1836
588,2080,1748
608,1316,476
220,1416,724
412,-780,164
248,-92,-452
-60,-512,116
-492,468,888
-456,588,760
-308,200,300
-536,544,192
-708,600,-16
-480,132,-340
-452,180,-80
-244,272,116
-28,504,364
144,624,764
340,820,1024
448,1064,1064
436,1180,1228
372,1280,1372
168,1672,1432
32,1880,1448
36,1908,1676
408,1928,2004
736,1528,1388
564,936,276
136,1136,1084
412,-700,-168
140,-20,-236
-460,-12,436
-588,152,464
-544,52,124
-84,500,-52
-1176,724,888
-656,144,-124
-700,296,-4
-496,276,-28
-296,276,84
-164,364,204
-16,508,384
112,656,812
268,820,964
324,1008,1024
236,1244,1200
164,1472,1208
64,1820,1340
-12,2092,1500
204,2112,1524
608,1964,1692
900,1608,1248
808,1188,168
376,1152,1280
676,-356,-288
40,-40,-48
-496,-224,244
-564,-108,692
-204,-944,-512
-708,492,88
-820,-120,-316
-492,16,-608
-332,72,-260
-204,168,160
60,544,708
296,760,984
396,912,1092
428,1116,1252
364,1336,1448
192,1828,1520
172,2088,1560
268,2216,1576
544,2176,1736
656,1628,544
368,1276,-4
256,-160,592
324,-292,-388
140,-12,-48
-536,248,652
-820,-324,628
-564,880,416
-936,8,492
-724,88,96
-540,28,56
-428,144,208
-220,168,212
-60,528,452
84,652,816
340,972,988
348,1168,1128
160,1696,1308
40,1952,1616
124,2304,1984
440,2380,1908
568,1844,828
412,1332,-192
4,704,564
-64,-908,-588
-312,-304,-736
-412,-376,-252
-424,440,652
96,572,944
-8,-108,1164
336,696,784
28,524,896
-100,376,412
-8,392,228
-4,548,344
188,864,468
336,1004,716
292,1296,1244
224,1772,1196
132,1920,1272
108,2356,1588
320,2276,1812
592,1924,1820
740,1436,776
560,980,60
172,352,468
-12,-480,168
-144,-232,-276
-548,4,132
-644,328,420
-592,100,588
-84,520,444
-616,700,728
-424,208,172
-296,208,48
-188,204,108
-76,348,192
40,600,560
240,780,816
256,1076,1056
172,1400,1260
136,1656,1420
64,2008,1780
180,2108,1768
400,2000,1752
716,1872,1564
652,1040,252
112,904,364
-72,-752,-364
-136,-368,-812
-304,-276,-232
-160,460,612
112,644,1604
88,472,1256
-280,744,628
-500,200,64
-236,164,-24
-216,244,72
-68,376,244
68,572,648
284,884,844
432,1092,904
428,1308,1024
360,1516,1216
304,1740,1256
144,2020,1372
172,1904,1524
488,2100,1992
856,1832,1440
760,964,68
208,1364,1156
684,-848,-28
148,164,-356
-468,-336,272
-636,8,420
-668,176,360
-512,4,224
-56,316,-596
-832,632,512
-368,180,-40
-224,356,-4
-136,320,284
-12,528,748
196,752,1040
324,1028,1144
276,1280,1240
152,1612,1408
36,1872,1480
56,2132,1696
360,2260,2072
688,1840,1332
584,1244,-40
248,1188,628
300,-732,-140
-176,-236,-312
-300,-120,-164
-452,452,548
-500,500,1036
-168,108,832
-388,628,604
-544,316,420
-376,192,84
-328,228,100
-220,244,204
-64,336,392
28,704,760
144,1032,1004
136,1444,1052
-8,1820,1444
4,2060,1720
312,2372,1884
644,2204,1360
496,1300,144
140,1000,304
-52,360,368
-228,-492,-360
-368,-96,-336
-532,-172,160
-400,472,664
-232,624,1220
28,308,700
-352,776,636
-492,440,164
-376,280,120
-176,340,296
4,512,632
84,828,1028
36,1252,1112
-168,1740,1368
-192,2040,1656
112,2244,1880
396,1928,1160
312,1228,200
52,456,524
72,-172,-132
-172,152,88
-436,356,620
-440,276,444
-320,212,468
-696,576,120
-444,100,-308
-320,252,-236
-228,136,196
-112,368,772
124,616,1016
292,1072,1180
100,1652,1544
96,1800,1864
328,2316,2084
584,2208,1484
428,1500,48
164,1208,560
88,-916,-480
-220,-72,-520
-352,-72,236
-560,344,1016
-496,228,1064
124,112,4
-148,564,728
-188,344,576
96,444,380
68,584,672
184,788,896
216,1104,980
92,1500,1168
32,1844,1356
160,2180,1860
572,2240,1888
608,1792,548
260,1192,24
44,592,600
-4,-536,-296
-388,-40,-128
-568,156,292
-580,412,812
-160,36,404
-520,488,392
-528,40,100
-220,128,-208
-156,208,36
48,316,376
236,724,940
316,968,1396
244,1536,1580
8,1732,1808
20,1924,1952
252,2300,2172
560,1792,1356
364,1224,76
-32,592,924
236,-388,-488
-92,-188,-152
-556,116,648
-476,-88,680
-28,268,132
-624,560,200
-452,232,64
-276,44,-104
-152,124,40
20,356,272
260,760,592
488,1040,1060
448,1292,1488
292,1860,1668
148,1976,1924
236,2148,2040
676,2164,2056
864,1508,688
408,1604,316
504,44,468
332,-8,-752
-116,-92,-164
-512,168,200
-272,228,656
-308,-424,1180
-380,420,660
-432,-292,576
-388,-112,388
-128,32,216
56,376,360
292,676,624
620,1096,900
532,1448,996
276,1632,1444
300,1724,1612
288,2260,1680
564,2216,1780
848,2028,1696
796,1336,540
460,1180,48
216,480,604
12,-944,-552
-244,-4,-372
-460,176,496
-464,488,1136
-316,60,908
-56,288,452
-452,252,576
-380,152,136
-176,140,28
-96,264,224
88,512,400
372,720,704
484,972,956
436,1104,1124
360,1472,1416
328,1928,1628
468,1988,1540
552,1968,1816
812,1876,1992
920,1472,1072
588,948,-72
96,1460,776
224,-1068,-384
-148,68,-616
-260,-200,-328
-396,404,576
-224,432,1052
56,-128,700
-376,256,900
-300,380,716
-352,304,336
-196,408,168
-156,552,316
-80,728,440
60,800,528
184,852,732
296,1072,860
280,1244,1008
240,1264,1040
176,1476,1076
-12,1684,1224
32,1884,1476
448,2144,2048
760,1828,1380
560,1152,192
304,1104,1000
356,-528,196
-108,672,-92
-260,280,256
-428,-116,392
-4,-376,-72
-800,-568,264
-724,-152,-316
-432,-104,-508
-364,-40,-144
-140,204,112
-24,512,472
244,872,892
344,1140,1140
472,1132,1344
352,1496,1304
284,1680,1404
188,1980,1656
408,2116,1748
732,2140,1652
644,1304,204
132,1736,320
260,-504,216
92,32,-512
-168,-56,48
-552,416,940
-444,-308,960
-288,388,268
-744,132,584
-628,32,268
-480,92,32
-360,224,88
-216,372,220
0,612,440
192,796,596
428,920,820
552,1328,1096
444,1488,1160
404,1476,1068
324,1496,960
160,1368,836
120,1168,728
148,1064,608
204,920,568
228,812,432
252,732,276
176,712,408
144,640,368
116,692,252
12,944,624
96,1440,1284
272,1528,1600
204,796,1036
72,1324,1052
4,840,968
8,768,628
-40,828,188
-84,872,48
-160,608,-116
-192,604,-364
-220,448,-524
-260,356,-612
-260,336,-680
-252,56,-804
-252,16,-856
-264,-80,-812
-232,-108,-848
-192,-104,-900
-156,-12,-940
-144,-28,-976
-140,-36,-980
-144,-72,-996
-140,-48,-1016
-148,-40,-1044
-144,-56,-1036
-148,-80,-1000
-140,-76,-1004
-136,-64,-984
-132,-88,-940
-140,-112,-928
-112,-64,-964
-108,-100,-932
-80,-100,-920
-80,-116,-952
-88,-140,-948
-80,-116,-956
-68,-132,-984
-44,-136,-1000
-32,-184,-964
-28,-224,-956
-20,-240,-960
48,-224,-960
112,-264,-960
140,-280,-944
208,-248,-932
164,-244,-888
188,-244,-928
224,-220,-932
220,-236,-940
252,-232,-920
256,-232,-924
272,-204,-940
252,-216,-948
260,-208,-924
312,-216,-920
280,-236,-908
272,-220,-912
288,-216,-884
292,-240,-884
288,-244,-888
288,-228,-904
292,-240,-908
304,-236,-896
292,-228,-904
288,-232,-912
292,-232,-908
276,-224,-920
268,-224,-916
284,-216,-912
264,-212,-904
252,-220,-904
272,-228,-900
252,-208,-884
256,-212,-900
248,-212,-912
252,-196,-916
260,-188,-940
264,-184,-940
260,-192,-932
292,-188,-932
264,-164,-940
240,-148,-940
252,-76,-964
232,-20,-980
236,36,-956
228,40,-972
196,112,-964
192,172,-992
152,184,-1020
124,232,-996
140,252,-968
124,260,-968
92,332,-948
68,380,-940
8,328,-904
-12,480,-816
-40,456,-896
-84,380,-888
-88,424,-856
-100,476,-852
-92,476,-848
-72,464,-896
-76,484,-936
-96,480,-948
-80,564,-884
-68,488,-868
-84,484,-856
-68,420,-868
-104,484,-856
-96,528,-860
-52,536,-864
-84,556,-872
-56,500,-864
-64,520,-868
-28,532,-908
-100,476,-888
-92,524,-884
-88,508,-872
-72,500,-868
-68,512,-852
-76,500,-872
-36,516,-876
-28,520,-880
-40,508,-872
-28,480,-884
-28,480,-868
-36,480,-892
-24,484,-888
-36,488,-888
-36,492,-884
-32,472,-880
-24,472,-876
-40,472,-888
-24,468,-892
-24,476,-880
-16,480,-884
-32,472,-896
-16,460,-904
-32,464,-896
-24,472,-892
-20,460,-884
-28,460,-904
-28,456,-892
-28,468,-880
-16,464,-896
-32,456,-904
-20,472,-896
-20,456,-888
-16,460,-900
-20,448,-900
-24,460,-900
-20,460,-912
-24,460,-904
-20,440,-900
-20,440,-912
-12,436,-912
-20,444,-892
-20,440,-896
0,440,-904
-8,444,-900
-8,428,-916
-12,432,-896
-20,444,-900
-8,436,-912
-4,436,-916
0,440,-912
-4,432,-916
-4,424,-912
-4,436,-912
-8,444,-908
-8,428,-908
-4,420,-916
